Team,Accuracy
TeamXX,46.976873780997494
Team9,46.97687378099749
Team8,46.97687378099749
